{"Train/Loss": 0.03456679762078838, "round": 9, "_runtime": 1568, "_timestamp": 1619445058, "_step": 19, "Test/Loss": 0.024880886391272942}