{"Train/Loss": 0.014095277954665222, "round": 14, "_runtime": 20178, "_timestamp": 1619192018, "_step": 11, "Test/Loss": 0.036972671476538065}