{"Train/Loss": 0.0075797331382911285, "round": 9, "_runtime": 2450, "_timestamp": 1619431900, "_step": 19, "Test/Loss": 0.06680007860711247}