{"Train/Loss": 0.05444027682287464, "round": 0, "_runtime": 2025, "_timestamp": 1619332470, "_step": 1, "Test/Loss": 0.035317605869796494}