{"Train/Loss": 0.03627002427552026, "round": 29, "_runtime": 6643, "_timestamp": 1619458659, "_step": 21, "Test/Loss": 0.02314882415514178}