{"Train/Loss": 0.0024675009260437942, "round": 9, "_runtime": 855, "_timestamp": 1619436641, "_step": 19, "Test/Loss": 0.008169913501927183}