{"Train/Loss": 0.013689500291686753, "round": 9, "_runtime": 6093, "_timestamp": 1619154304, "_step": 5, "Test/Loss": 0.026847654721374348}