{"Train/Loss": 0.013673246298631226, "round": 14, "_runtime": 6116, "_timestamp": 1619169995, "_step": 7, "Test/Loss": 0.027031886054397807}