{"Train/Loss": 0.0037716663822752756, "round": 9, "_runtime": 339, "_timestamp": 1619438414, "_step": 19, "Test/Loss": 0.008233813844625544}