{"Train/Loss": 0.016693265266085833, "round": 29, "_runtime": 12174, "_timestamp": 1619550166, "_step": 21, "Test/Loss": 0.017004979631590336}