{"Train/Loss": 0.052273656540913524, "round": 14, "_runtime": 18931, "_timestamp": 1619212202, "_step": 29, "Test/Loss": 0.03732934789019588}