{"Train/Loss": 0.022111998559232682, "round": 9, "_runtime": 1043, "_timestamp": 1619440919, "_step": 19, "Test/Loss": 0.03424048016497915}