{"Train/Loss": 0.002425690599837389, "epoch": 149, "_runtime": 9881, "_timestamp": 1619370672, "_step": 31, "Test/Loss": 0.016218836142712315}