{"Train/Loss": 0.0030451538211455718, "round": 49, "_runtime": 387, "_timestamp": 1619437612, "_step": 99, "Test/Loss": 0.007219040337785155}