{"Train/Loss": 0.020276164634523537, "round": 9, "_runtime": 303, "_timestamp": 1619439333, "_step": 19, "Test/Loss": 0.02609583516234318}