{"Train/Loss": 0.03609687855915373, "round": 9, "_runtime": 450, "_timestamp": 1619442891, "_step": 19, "Test/Loss": 0.0350549959380827}